data_key,data_period,Prorrata
547,9,22.9
547,10,19.400153134409695
547,11,18.22120422940136
547,12,17.316997225120172
547,13,15.130531320366917
547,14,15.09511371246844
547,15,15.04887980384464
547,16,15.485461262096432
547,17,14.668121433385949
547,18,16.957945144720856
547,19,19.179097393708393
561,9,50.0
561,10,41.90901722344874
561,11,39.18351075096842
561,12,37.09315549285571
561,13,32.038460628687304
561,14,31.956581830414557
561,15,31.849697794416958
561,16,32.858991399233325
561,17,30.96945659080951
561,18,39.263095118798226
561,19,44.39797823821294
575,9,3.5
575,10,1.7966352049365804
589,9,2.75
589,10,1.3305293374471503
589,11,0.8523703071874416
589,12,0.48564131453608866
589,13,0.0
589,14,0.0
589,15,0.0
589,16,0.0
589,17,0.0
589,18,0.34001668750845837
589,19,1.240873375125079
603,9,14.0
603,10,11.189448088145356
617,9,17.4
617,10,13.751960397239175
617,11,12.523091689471723
617,12,11.580598178357747
617,13,9.301551546618661
617,14,9.264634263888663
617,15,9.216442689763435
617,16,9.671510157198183
617,17,8.819562006733406
617,18,11.20634288689674
617,19,13.521544574071449
645,9,7.0
645,10,5.560656748171411
645,11,5.075803491488066
645,12,1.703940292939594
645,13,0.8047366802612154
645,14,0.7901708729895347
645,15,0.7711567655331215
645,16,0.9507047857583488
645,17,0.6145664882597968
645,18,1.556276921133577
645,19,2.4697456023768294
673,9,8.0
687,9,9.0
687,10,6.2462269146474725
687,11,5.318598395943637
687,12,4.607144150200013
687,13,2.8867743192374355
687,14,2.8589067984217937
687,15,2.8225287230120877
687,16,3.166042686756604
687,17,2.5229378572228858
687,18,4.324632373766409
687,19,6.072294347742651
715,9,8.0
715,10,5.303005741149588
743,9,57.0
743,10,48.483176024682905
743,11,45.61422184312466
743,12,43.413847887216534
743,13,38.0931164512498
743,14,38.006928242541626
743,15,37.89441873096521
743,16,38.95683305182455
743,17,36.967849042957376
743,18,42.54010012505075
743,19,47.94524025075047
771,9,13.0
771,10,7.025482144852022
771,11,4.686636860124837
771,12,3.659795680701047
771,13,1.1767876772499057
771,14,1.136566513186094
771,15,1.0840620744504346
771,16,1.5798554241847902
771,17,0.6516628867134424
771,18,3.2520467250236855
771,19,5.774445450350219
785,9,2.1
785,10,0.0
785,11,0.0
785,12,0.0
785,13,0.0
785,14,0.0
785,15,0.0
785,16,0.0
785,17,0.0
785,18,0.0
785,19,0.0
799,9,40.0
799,10,32.19291135595933
799,11,29.56303668953093
799,12,27.54602722994849
799,13,22.668690080312313
799,14,22.589684222329822
799,15,22.486550503384787
799,16,23.46043029750584
799,17,21.637194956044258
799,18,26.745091781296523
799,19,31.699803563187935
827,9,24.0
827,10,19.45769387983088
827,11,16.927584982999807
827,12,15.75405220651548
827,13,12.91632877399989
827,14,12.870361729355533
827,15,12.81035665651478
827,16,13.37697762763976
827,17,13.316186156243933
827,18,16.28805340002707
827,19,19.17079480040025
841,9,0.5
841,10,0.2913378126047312
841,11,0.2210484351565538
841,12,0.16713927323680505
841,13,0.0367813530556201
841,14,0.034669741942269905
841,15,0.03191325890864785
841,16,0.05794240976970146
841,17,0.00921230155245575
841,18,0.14573245306374338
841,19,0.2781583861433865
869,9,130.0
869,10,106.8342387871375
869,11,99.03068341329904
869,12,93.04566625322896
869,13,78.57327674739946
869,14,78.33884481971323
869,15,78.0328189482254
869,16,80.92258590096276
869,17,75.51254939684407
869,18,90.66907234013804
869,19,105.37105348204125
925,9,19.0
925,10,16.303005741149587
925,11,15.394503583656139
925,12,14.697718497618567
925,13,13.012820209562435
925,14,12.985527276804849
925,15,12.949899264805655
925,16,13.286330466411108
925,17,12.656485530269833
925,18,14.42103170626607
925,19,16.13265941273765
939,9,3.0
939,10,0.0
939,11,0.0
939,12,0.0
939,13,0.0
939,14,0.0
939,15,0.0
939,16,0.0
939,17,0.0
939,18,0.0
939,19,0.0
967,9,28.0
967,10,22.33631205641413
967,11,20.428457525677892
967,12,18.965208844998994
967,13,15.426922440081118
967,14,15.369607281290184
967,15,15.294788456091869
967,16,16.001293979463327
967,17,14.678619613566656
967,18,20.384166583158752
967,19,23.97858476674907
1009,17,0.0
1023,9,4.0
1023,10,3.14831760246829
1023,11,2.861422184312465
1023,12,2.641384788721653
1023,13,2.109311645124979
1023,14,2.1006928242541627
1023,15,2.0894418730965216
1023,16,2.195683305182455
1023,17,1.9967849042957375
1023,18,2.554010012505075
1023,19,3.0945240250750463
1065,9,25.0
1065,10,19.46406441604389
1093,9,2.8
1093,10,1.522476403702435
1107,9,13.3132739474348
1107,10,6.017194741913154
1121,9,13.0
1121,10,8.848775129132672
1121,11,5.787262081956119
1121,12,5.9731237182701165
1121,13,3.0044530869624264
1121,14,3.972563449740403
1121,15,2.930934930457131
1121,16,4.324028229175084
1121,17,3.0881041458942295
1121,18,5.649837046268778
1121,19,9.649738892777679
1135,9,30.0
1135,10,23.18654081974632
1135,11,20.89137747449972
1135,12,19.131078309773223
1135,13,14.874493160999842
1135,14,14.8055425940333
1135,15,14.715534984772177
1135,16,15.56546644145964
1135,17,13.974279234365902
1135,18,18.4320801000406
1135,19,22.75619220060037
1149,9,15.5
1149,10,13.370794006170726
1149,11,12.653555460781165
1149,12,12.103461971804133
1149,13,10.77327911281245
1149,14,10.751732060635407
1149,15,10.723604682741302
1149,16,10.989208262956138
1149,17,10.491962260739344
1149,18,11.885025031262687
1149,19,13.236310062687618
1163,9,0.8
1163,10,0.0
1163,11,0.0
1163,12,0.0
1163,13,0.0
1163,14,0.0
1163,15,0.0
1163,16,0.0
1163,17,0.0
1163,18,0.0
1163,19,0.0
1191,9,40.0
1191,10,34.322117349788606
1191,11,32.40948122874976
1191,12,30.94256525814436
1191,13,27.39541096749987
1191,14,27.33795216169442
1191,15,27.26294582064348
1191,16,27.971222034549697
1191,17,26.64523269530492
1191,18,30.360066750033837
1191,19,33.963493500500306
1233,9,37.6643450208333
1233,10,18.359544010114547
1233,11,11.8565811985825
1233,12,6.869066898524106
1233,13,0.0
1233,14,0.0
1233,15,0.0
1233,16,0.0
1233,17,0.0
1233,18,4.888571970948341
1233,19,17.14022292253437
1247,9,0.2531875
1247,10,0.0
1247,11,0.0
1247,12,0.0
1247,13,0.0
1247,14,0.0
1247,15,0.0
1247,16,0.0
1247,17,0.0
1247,18,0.0
1247,19,0.0
1289,9,0.748958333333333
1289,10,0.5360377339504054
1289,11,0.4643138794114491
1289,12,0.4093045305137461
1289,13,0.27628624461457796
1289,14,0.2741315393968736
1289,15,0.27131880160746347
1289,16,0.2978791596289466
1289,17,0.24815455940726733
1289,18,0.3874608364596018
1289,19,0.5225893396020945
1373,9,0.186350641967917
1373,10,0.0
1443,9,2.91
1443,10,2.484158801234145
1443,11,2.340711092156233
1443,12,2.230692394360827
1443,13,1.9646558225624902
1443,14,1.9603464121270815
1443,15,1.9547209365482614
1443,16,2.007841652591227
1443,17,1.9083924521478688
1443,18,2.187005006252538
1443,19,2.457262012537524
1555,9,4.5
1555,10,4.08125615454691
1555,11,3.9401992406202946
1555,12,3.8320141877881455
1555,13,3.5704115588531153
1555,14,3.566173971924963
1555,15,3.5606422542724565
1555,16,3.61287762504804
1555,17,3.5150859112787383
1555,18,3.7890549228149952
1555,19,4.0548076456618976
1723,9,0.22
1723,10,0.17741588012341458
1723,11,0.16307110921562326
1723,12,0.15206923943608264
1723,13,0.12546558225624904
1723,14,0.1250346412127081
1723,15,0.12447209365482613
1723,16,0.12978416525912276
1723,17,0.1198392452147869
1723,18,0.14770050062525375
1723,19,0.1747262012537524
1793,9,10.2100208333333
1793,10,8.50665603826988
1793,11,7.93286520195823
1793,12,7.492790410776605
1793,13,6.428644123583258
1793,14,6.411406481841625
1793,15,6.388904579526343
1793,16,6.60138744369821
1793,17,6.203590641924774
1793,18,7.3180408583434495
1793,19,8.399068883483395
1807,9,1.37953621857354
1807,10,0.10201262227597548
1821,9,0.41722140770375
1821,10,0.0
1835,9,0.3
1835,10,0.0
1849,9,4.5
1849,10,2.384988712796255
2017,9,1.27599714952083
2017,10,0.0
2017,11,0.0
2017,12,0.0
2017,13,0.0
2017,14,0.0
2017,15,0.0
2017,16,0.0
2017,17,0.0
2017,18,0.0
2017,19,0.0
2213,9,1.910674640845
2213,10,0.9454345903090624
2227,9,7.36278809791667
2227,10,6.085264501619106
2227,11,5.654921374385367
2227,12,5.324865280999151
2227,13,4.52675556560414
2227,14,4.513827334297915
2227,15,4.496950907561454
2227,16,4.656313055690354
2227,17,4.3579654543602775
2227,18,5.193803116674283
2227,19,6.004574135529241
2241,9,2.09
2241,10,1.6641588012341448
2241,11,1.5207110921562323
2241,12,1.4106923943608263
2241,13,1.1446558225624894
2241,14,1.1403464121270812
2241,15,1.1347209365482607
2241,16,1.1878416525912274
2241,17,1.0883924521478685
2241,18,1.3670050062525374
2241,19,1.637262012537523
2255,9,1.8
2255,10,0.5835136421922079
2269,9,30.24118525
2269,10,25.698879129830882
2269,11,24.168770232999808
2269,12,22.99523745651548
2269,13,20.157514023999894
2269,14,20.11154697935554
2269,15,20.05154190651478
2269,16,20.618162877639755
2269,17,19.557371406243934
2269,18,22.52923865002707
2269,19,25.411980050400253
2325,9,2.94
2325,10,2.528353507859673
2325,11,2.389687389084358
2325,12,2.283335981215465
2325,13,2.02616729514374
2325,14,2.0220015317228457
2325,15,2.0165635719966524
2325,16,2.067913597504853
2325,17,1.971779370409606
2325,18,2.2411048393774533
2325,19,2.5023532787862734
2381,9,3.53586563307493
2381,10,2.650115939641952
2381,11,2.351744704759893
2381,12,2.122905813345449
2381,13,1.5695497440049089
2381,14,1.5605861702992596
2381,15,1.5488851810953126
2381,16,1.6593762704646833
2381,17,1.452521933542497
2381,18,2.032036046080209
2381,19,2.5941706191529783
2395,9,1.01872916666667
2395,10,0.29479912876471676
2395,11,0.05093802333226523
2395,12,0.0
2395,13,0.0
2395,14,0.0
2395,15,0.0
2395,16,0.0
2395,17,0.0
2395,18,0.0
2395,19,0.24907458798046
2493,9,76.0
2493,10,56.09846531159413
2493,11,51.426203959199555
2493,12,48.609725295637155
2493,13,41.79918905759975
2493,14,41.688868150453274
2493,15,41.544855975635485
2493,16,42.904746306335426
2493,17,40.358846774985444
2493,18,47.49132816006496
2493,19,54.409907520960616
2507,9,10.0
2507,10,8.29663520493658
2507,11,7.722844368624931
2507,12,7.282769577443306
2507,13,6.218623290249958
2507,14,6.201385648508325
2507,15,6.178883746193043
2507,16,6.39136661036491
2507,17,5.993569808591475
2507,18,7.10802002501015
2507,19,8.189048050150095
10221,9,15.679
10221,10,0.0
10221,11,0.0
10221,12,0.0
10221,13,0.0
10221,14,0.0
10221,15,0.0
10221,16,0.0
10221,17,0.0
10221,18,0.0
10221,19,0.0
10235,9,0.3
10235,10,0.0
10235,11,0.0
10235,12,0.0
10235,13,0.0
10235,14,0.0
10235,15,0.0
10235,16,0.0
10235,17,5.111424113347565
10235,18,61.562975844514824
10235,19,79.54413689081755
10249,9,40.3
10249,10,12.85789082533198
10263,9,5.154
10263,10,0.0
10263,11,0.0
10263,12,0.0
10263,13,0.0
10263,14,0.0
10263,15,0.0
10263,16,0.0
10263,17,0.0
10263,18,9.6636927407227
10263,19,27.06198748269466
10277,9,5.134
10277,10,0.0
10277,11,0.0
10277,12,0.0
10277,13,0.0
10277,14,0.0
10277,15,0.0
10277,16,0.0
10277,17,0.0
10277,18,0.0
10277,19,2.2509653263228615
10291,9,7.7
10291,10,0.0
10291,11,0.0
10291,12,0.0
10291,13,0.0
10291,14,0.0
10291,15,0.0
10291,16,0.0
10291,17,0.0
10291,18,0.0
10291,19,20.256411594878987
10305,9,1.5
10305,10,0.0
10305,11,0.0
10305,12,0.0
10305,13,0.0
10305,14,28.817320606354066
10305,15,94.39604682741306
10305,16,99.46208262956137
10305,17,94.95962260739343
10305,18,108.8802503126269
10305,19,106.88210062687617
10333,9,0.2
10333,10,0.0
10333,11,0.0
10333,12,0.0
10333,13,0.0
10333,14,0.0
10333,15,0.0
10333,16,0.0
10333,17,0.0
10333,18,0.0
10333,19,0.0
10347,9,0.04
10347,10,0.0
10347,11,0.0
10347,12,0.0
10347,13,0.0
10347,14,0.0
10347,15,0.0
10347,16,0.0
10347,17,0.0
10347,18,0.0
10347,19,0.0
10361,14,0.0
10361,15,98.04480969137288
10361,16,119.15704579961961
10361,17,113.8609750523087
10361,18,131.5035083851563
10361,19,130.9343399723115
10375,9,7.1
10375,10,0.0
10375,11,0.0
10375,12,0.0
10375,13,0.0
10375,14,0.0
10375,15,0.0
10375,16,0.0
10375,17,0.0
10375,18,0.0
10375,19,0.0
10389,9,3.5
10389,10,0.0
10389,11,0.0
10389,12,0.0
10389,13,0.0
10389,14,0.0
10389,15,0.0
10389,16,0.0
10389,17,0.0
10389,18,0.0
10389,19,12.525043813938396
10417,9,1.6
10417,10,0.0
10417,11,0.0
10417,12,0.0
10417,13,0.0
10417,14,0.0
10417,15,0.0
10417,16,0.0
10417,17,0.0
10417,18,0.0
10417,19,0.0
10459,9,36.97
10459,10,9.237505109450366
10459,11,0.0
10459,12,0.0
10459,13,0.0
10459,14,0.0
10459,15,0.0
10459,16,0.0
10459,17,0.0
10459,18,0.0
10459,19,0.0
10473,9,2.6
10473,10,0.5095558043195081
10473,11,0.0
10473,12,0.0
10473,13,0.0
10473,14,0.0
10473,15,0.0
10473,16,0.0
10473,17,0.0
10473,18,0.0
10473,19,0.12541704388133218
10487,9,2.439
10487,10,0.0
10487,11,0.0
10487,12,0.0
10487,13,0.0
10487,14,0.0
10487,15,0.0
10487,16,0.0
10487,17,0.0
10487,18,0.0
10487,19,0.0
10501,9,13.8
10501,10,5.400915053328766
10501,11,2.4516797952873097
10501,12,0.0
10501,13,0.0
10501,14,0.0
10501,15,0.0
10501,16,0.0
10501,17,0.0
10501,18,0.0
10501,19,1.4104297354052533
10543,9,1.8
10543,10,0.9773440693406475
10543,11,0.9665406996718372
10543,12,1.0281668544484572
10543,13,0.6517542822187286
10543,14,0.7424172262753429
10543,15,1.2302286958545654
10543,16,1.7453235806143268
10543,17,1.6298503129870485
10543,18,2.333510846880498
10543,19,2.6190676938313007
10557,10,0.0
10557,11,0.0
10557,12,0.0
10557,13,0.0
10557,14,33.98635831101249
10557,15,76.39364606506119
10557,16,95.6576939898302
10557,17,101.28302059342742
10557,18,118.48016049200704
10557,19,116.93253338570248
10571,9,15.2
10571,10,0.0
10571,11,0.0
10571,12,0.0
10571,13,0.0
10571,14,0.0
10571,15,0.0
10571,16,0.0
10571,17,0.0
10571,18,0.0
10571,19,0.0
10585,9,8.65
10585,10,2.263270409873161
10585,11,0.0
10585,12,0.0
10585,13,0.0
10585,14,0.0
10585,15,0.0
10585,16,0.0
10585,17,0.0
10585,18,0.0
10585,19,0.0
10599,9,0.36
10599,10,0.0
10599,11,0.0
10599,12,0.0
10599,13,0.0
10599,14,0.0
10599,15,0.0
10599,16,0.0
10599,17,0.0
10599,18,0.0
10599,19,0.0
10613,9,31.13
10613,10,6.315293374471506
10613,11,0.0
10613,12,0.0
10613,13,0.0
10613,14,0.0
10613,15,0.0
10613,16,0.0
10613,17,0.0
10613,18,0.0
10613,19,0.0
10627,9,28.56
10627,10,0.0
10627,11,0.0
10627,12,0.0
10627,13,0.0
10627,14,0.0
10627,15,0.0
10627,16,0.0
10627,17,0.0
10627,18,0.0
10627,19,0.0
10641,9,42.26
10641,10,6.762951348911005
10641,11,0.0
10641,12,0.0
10641,13,0.0
10641,14,0.0
10641,15,0.0
10641,16,0.0
10641,17,0.0
10641,18,0.0
10641,19,0.0
10655,9,11.8
10655,10,0.0
10655,11,0.0
10655,12,0.0
10655,13,0.0
10655,14,0.0
10655,15,0.0
10655,16,0.0
10655,17,0.0
10655,18,0.0
10655,19,0.0
10669,14,0.0
10669,15,0.0
10669,18,0.0
10669,19,0.0
10683,9,11.55
10683,10,2.2599056148097425
10683,11,0.0
10683,12,0.0
10683,13,0.0
10683,14,0.0
10683,15,0.0
10683,16,0.0
10683,17,0.0
10683,18,0.0
10683,19,0.0
10711,9,0.3
10711,10,0.0
10711,11,0.0
10711,12,0.0
10711,13,0.0
10711,14,0.0
10711,15,0.0
10711,16,0.0
10711,17,0.0
10711,18,0.0
10711,19,0.0
10725,12,0.0
10739,9,0.7
10739,10,0.0
10739,11,0.0
10739,12,0.0
10739,13,0.0
10739,14,0.0
10739,15,0.0
10739,16,0.0
10739,17,0.0
10739,18,0.0
10739,19,6.198155495952945
10767,9,50.73
10767,10,12.419622459238969
10767,11,0.0
10767,12,0.0
10767,13,0.0
10767,14,0.0
10767,15,0.0
10767,16,0.0
10767,17,0.0
10767,18,0.0
10767,19,0.0
10781,9,41.69
10781,10,21.27865816953492
10781,11,8.620858703249484
10781,12,0.0
10781,13,0.0
10781,14,0.0
10781,15,0.0
10781,16,0.0
10781,17,0.0
10781,18,0.0
10781,19,0.0
10795,9,78.2
10795,10,23.22368687528286
10795,11,0.0
10795,12,0.0
10795,13,0.0
10795,14,0.0
10795,15,0.0
10795,16,0.0
10795,17,0.0
10795,18,0.0
10795,19,0.0
10809,9,0.15
10809,10,0.0
10809,11,0.0
10809,12,0.0
10809,13,0.0
10809,14,0.0
10809,15,0.0
10809,16,0.0
10809,17,0.0
10809,18,0.0
10809,19,23.852339972311444
10823,9,8.58
10823,10,0.0
10823,11,0.0
10823,12,0.0
10823,13,0.0
10823,14,0.0
10823,15,0.0
10823,16,0.0
10823,17,0.0
10823,18,0.0
10823,19,0.0
10837,9,13.9
10837,10,1.5734406934064795
10851,9,9.6
10851,10,2.3899056148097424
10865,9,3.857
10865,10,0.0
10865,11,0.0
10865,12,0.0
10865,13,0.0
10865,14,0.0
10865,15,0.0
10865,16,0.0
10865,17,0.0
10865,18,0.0
10865,19,19.764442572111317
10879,9,6.78
10879,10,0.0
10879,11,0.0
10879,12,0.0
10879,13,0.0
10879,14,3.3262660527443755
10879,15,16.396248297801737
10879,16,30.139421696739163
10879,17,36.406651546853766
10879,18,55.10818690009472
10879,19,61.388781801400874
10893,9,0.93
10893,10,0.0
10893,11,0.0
10893,12,0.0
10893,13,0.0
10893,14,0.0
10893,15,0.0
10893,16,0.0
10893,17,0.0
10893,18,10.260150187576128
10893,19,20.842860376125707
10907,9,0.82
10907,10,0.0
10907,11,0.0
10907,12,0.0
10907,13,0.0
10907,14,0.0
10907,15,0.0
10907,16,0.0
10907,17,0.0
10907,18,0.0
10907,19,2.6446926532579735
10921,9,25.75
10921,10,1.9972404407267912
10921,11,0.0
10921,12,0.0
10921,13,0.0
10921,14,0.0
10921,15,11.425790906092613
10921,16,21.458774535510493
10921,17,20.186950920879667
10921,18,27.84116520633374
10921,19,27.224646413738274
10949,9,40.5
10949,10,16.476446434556067
10949,11,5.05991058037451
10949,12,0.0
10949,13,0.0
10949,14,0.0
10949,15,0.0
10949,16,0.0
10949,17,0.0
10949,18,0.0
10949,19,0.0
10963,9,0.13
10963,10,0.0
10963,11,0.0
10963,12,0.0
10963,13,0.0
10963,14,0.0
10963,15,0.0
10963,16,0.0
10963,17,0.0
10963,18,0.0
10963,19,0.0
10977,9,0.6
10977,10,0.0
10977,11,0.0
10977,12,0.0
10977,13,0.0
10977,14,0.0
10977,15,0.0
10977,16,0.0
10977,17,0.0
10977,18,0.0
10977,19,0.0
11005,9,1.43
11005,10,0.0
11005,11,0.0
11005,12,0.0
11005,13,14.159674676874705
11005,14,40.74039236381245
11005,15,55.091628096447835
11005,16,60.60524957773682
11005,17,58.181773564436064
11005,18,66.20015018757613
11005,19,64.33986037612569
11117,9,14.5
11117,10,32.218752554725185
11117,11,37.532325597374694
11117,12,40.22533483558766
11117,13,33.81403425774982
11117,14,34.83933781020274
11117,15,34.04182956683652
11117,16,35.6625886449146
11117,17,34.03880250389639
11117,18,37.368086775043984
11117,19,38.85254155065042
11215,9,30.03
11215,17,28.073251456100284
11215,18,33.25233444293302
11215,19,31.15040960660779
11243,9,9.31
11243,10,11.895553955634787
11243,11,12.333167269668623
11243,12,11.723698065688671
11243,13,9.75049897728743
11243,14,9.639183928123456
11243,15,9.498305472250696
11243,16,9.924316008829585
11243,17,9.241651818941179
11243,18,10.78623637876844
11243,19,10.100103957772669
11257,9,2.9
11257,10,3.7224764037024354
11257,11,5.292133276468697
11257,12,6.462077183082481
11257,13,6.16396746768747
11257,14,6.151039236381244
11257,15,6.134162809644784
11257,16,6.293524957773683
11257,17,4.895177356443607
11257,18,4.031015018757612
11257,19,2.7417860376125702
11313,9,2.5786553345
11313,10,2.5179737181024358
11313,11,2.086129553368698
11313,12,1.75728097948248
11313,13,0.95919543398747
11313,14,0.9478370268812438
11313,15,0.929667387244783
11313,16,1.0892614079736826
11313,17,0.7904087407436067
11313,18,1.6259959756576126
11313,19,2.43729385021257
11383,9,45.29
11383,10,69.44794006170726
11383,11,87.26555460781164
11383,12,92.87461971804133
11383,13,83.84279112812452
11383,14,83.40732060635405
11383,15,80.78604682741307
11383,16,78.36208262956137
11383,17,67.12962260739343
11383,18,76.09025031262689
11383,19,67.68310062687615
11439,9,26.06
11439,10,34.381565437933965
11439,11,35.9521744369809
11439,12,34.6891350609258
11439,13,29.616139396412304
11439,14,29.24023848173316
11439,15,28.758104001861998
11439,16,29.8569769416518
11439,17,27.584622879480854
11439,18,31.16829979130058
11439,19,28.43542278324797
11523,9,1.0380247726
11523,10,0.9678126495512174
11523,11,1.1673050415343489
11523,12,1.17191993924124
11523,13,0.817755157143735
11523,14,0.7825494644906221
11523,15,0.7771822349223915
11523,16,0.8908259554868413
11523,17,0.6909362735218033
11523,18,1.159654359878806
11523,19,1.420082838106285
11537,9,43.06
11537,10,59.54291544351962
11537,11,65.70475764533043
11537,12,65.90656296688873
11537,13,56.591144892712045
11537,14,56.61262471865422
11537,15,56.02347781032321
11537,16,57.38057212936922
11537,17,50.75927896227851
11537,18,63.6940306213669
11537,19,61.5438700442286
11677,9,187.725
11677,10,236.00016775673637
11677,11,270.8563087038415
11677,12,278.19393408382507
11677,13,245.80628946543624
11677,14,245.9919943401393
11677,15,240.28655894162918
11677,16,234.02188987908588
11677,17,205.29984142277934
11677,18,198.38763579407228
11677,19,175.29827559226544
11761,9,33.28
11761,10,50.66285287616044
11761,11,57.17983500017761
11761,12,56.606287154772204
11761,13,51.30141560108094
11761,14,52.46514987532349
11761,15,50.56032344086404
11761,16,51.846760420922976
11761,17,47.02289884793256
11761,18,50.79624668319936
11761,19,48.64477696734944
11775,9,0.2449995479
11775,10,0.0
11775,11,0.0
11775,12,0.0
11775,13,0.0
11775,14,0.0
11775,15,0.0
11775,16,0.0
11775,17,0.0
11775,18,0.0
11775,19,0.10675007518377112
11817,9,33.617
11817,10,51.17475326540693
11817,11,60.972853203255404
11817,12,61.93818647307665
11817,13,56.06261798186905
11817,14,56.40899975157183
11817,15,56.294491586777774
11817,16,57.670580490040095
11817,17,53.2872752246019
11817,18,56.49102173951442
11817,19,47.55451160001233
11859,9,0.2
11859,10,0.0
11859,11,0.16866368601248352
11859,12,0.8659795680701048
11859,13,1.2176787677249907
11859,14,1.5136566513186092
11859,15,1.5084062074450433
11859,16,1.2579855424184792
11859,17,0.8651662886713445
11859,18,0.5252046725023684
11859,19,0.07744454503502195
11943,9,64.97
11943,10,76.37582271191866
11943,11,77.01607337906185
11943,12,73.20205445989697
11943,13,63.44738016062463
11943,14,63.28936844465964
11943,15,63.08310100676957
11943,16,65.03086059501167
11943,17,60.19438991208852
11943,18,66.80018356259305
11943,19,68.98960712637586
11999,9,8.37
11999,10,13.78990561480974
11999,11,20.60853310587479
11999,12,22.878308732329923
11999,13,20.705869870749876
11999,14,21.05415694552498
11999,15,21.266651238579133
11999,16,22.04409983109473
11999,17,20.26070942577443
11999,18,20.974060075030447
11999,19,16.417144150450284
12279,9,42.4
12279,10,68.06653157632273
12279,11,71.76976971010875
12279,12,68.73745173690212
12279,13,59.37051115259338
12279,14,60.02040002242667
12279,15,58.82444595643108
12279,16,57.574817565261085
12279,17,52.71067041648409
12279,18,61.21567438446341
12279,19,65.82962677005708
12307,9,0.5098120727
12307,10,0.0
12307,11,0.0
12307,12,0.0
12307,13,0.0
12307,14,0.0
12307,15,0.0
12307,16,0.0
12307,17,0.0
12307,18,0.0
12307,19,0.0
12489,9,5.15
12489,10,5.962476403702436
12489,11,5.892133276468696
12489,12,5.792077183082481
12489,13,5.16396746768747
12489,14,5.121039236381245
12489,15,5.204162809644784
12489,16,5.263524957773684
12489,17,4.785177356443606
12489,18,5.311015018757613
12489,19,4.331786037612571
12503,9,63.59
12503,10,96.98085141766657
12503,11,112.94859129734257
12503,12,115.63064694798982
12503,13,102.36148120843684
12503,14,102.1770048286839
12503,15,101.68259733079782
12503,16,101.6525129270672
12503,17,86.25681756343769
12503,18,98.62534209392342
12503,19,100.3229041900641
12517,9,5.28
12517,10,9.07158801234145
12517,11,15.667110921562324
12517,12,19.666923943608268
12517,13,19.666558225624897
12517,14,20.503464121270813
12517,15,20.447209365482603
12517,16,20.158416525912276
12517,17,16.82392452147869
12517,18,15.580050062525377
12517,19,11.832620125375236
12531,9,77.079
12531,10,106.43087573392853
12531,11,119.11703274952299
12531,12,114.59790563534744
12531,13,100.77278920097001
12531,14,102.15633282464708
12531,15,101.25119705864022
12531,16,100.55904576532023
12531,17,90.00489688847058
12531,18,104.93552070472
12531,19,100.75157137145382
12629,11,0.29791079754060906
12629,12,1.665604112024744
12629,13,1.4344323668062406
12629,14,0.0
12629,15,1.3442036767934349
12629,16,1.3343589095321047
12629,17,1.324794722933082
12629,18,1.3240064709272836
12629,19,1.325690993183771
12671,9,1.623
12671,10,2.645117349788603
12671,11,6.711481228749766
12671,12,6.825565258144352
12671,13,1.5764109674998648
12671,14,0.0
12671,15,0.0
12671,16,0.0
12671,17,0.0
12671,18,0.40106675003383396
12671,19,0.23649350050031243
12741,9,0.3
12741,10,0.45222968767455196
12741,11,0.8350807252609234
12741,12,1.1452321220613413
12741,13,1.127968921759367
12741,14,1.2244495699037832
12741,15,1.2198554315144128
12741,16,1.1632373496161685
12741,17,0.6820205025874262
12741,18,0.5095540884395725
12741,19,0.2302639769056441
12825,9,0.0820422497
12825,10,0.0
12825,14,0.0
12825,15,0.7881605422482609
12825,16,1.3212865682912276
12825,17,1.0615867576478688
12825,18,0.8553148208525377
12825,19,0.5210515175375237
12895,9,0.1177951546
12895,10,0.06352103570243546
12895,11,0.6777405457686972
12895,12,1.0681499978824796
12895,13,0.7672226556874697
12895,14,0.9580563872812441
12895,15,0.914826506044783
12895,16,0.7764443303736822
12895,17,0.0
12895,18,0.04877969775761288
12895,19,0.0
12937,9,52.13
12937,10,71.62529337447148
12937,11,77.62370307187439
12937,12,78.43641314536087
12937,13,70.45852741874967
12937,14,70.37488040423605
12937,15,69.19736455160871
12937,16,71.76805508637425
12937,17,68.89308173826228
12937,18,73.90016687508461
12937,19,66.08873375125079
13119,9,25.1
13119,10,47.778375013964144
13119,11,88.30645802087385
13119,12,111.81856976490731
13119,13,102.43751374074935
13119,14,105.85596559230264
13119,15,99.78843452115304
13119,16,100.35898796929355
13119,17,81.8616402069941
13119,18,71.36432707516576
13119,19,39.921118152451534
13203,9,40.34
13203,10,40.50857302776827
13203,11,40.810999573515225
13203,12,38.97557887311859
13203,13,32.73975600765603
13203,14,32.45279427285932
13203,15,32.16622107233586
13203,16,33.12143718330263
13203,17,29.883830173327055
13203,18,33.60261264068208
13203,19,29.05339528209428
13301,9,1.0
13301,10,1.1911924491847794
13301,11,1.553482648469983
13301,12,1.8478646985863934
13301,13,1.7924695896599903
13301,14,1.7883325556419987
13301,15,1.7829320990863304
13301,16,1.8339279864875784
13301,17,1.338456754061954
13301,18,1.1059248060024363
13301,19,0.7653715320360225
13371,9,92.34
13371,10,183.38370536213006
13371,11,220.2865921503121
13371,12,231.4594892017526
13371,13,226.1519691931248
13371,14,226.0514162829653
13371,15,225.9201551861261
13371,16,227.15963856046204
13371,17,224.83915721678358
13371,18,231.3401168125592
13371,19,194.22611362587548
13413,9,0.264786152
13413,10,0.06225541081707256
13413,11,0.0
13413,12,0.0
13413,13,0.0
13413,14,0.0
13413,15,0.0
13413,16,0.0
13413,17,0.0
13413,18,0.0
13413,19,0.04814985096876174
13497,9,0.8618886643
13497,10,0.20901400130243533
13497,11,0.37704846806869713
13497,12,3.84599954638248
13497,13,3.372776427687469
13497,14,3.1551035674812447
13497,15,2.4851609784447835
13497,16,3.171670953773681
13497,17,2.4239586064436067
13497,18,2.3642398722576123
13497,19,1.3702133448125708
13581,9,67.42
13581,10,63.595558043195076
13581,11,77.67488822546812
13581,12,81.07423380262891
13581,13,70.94295378968718
13581,14,70.70212442444785
13581,15,68.41523277918911
13581,16,69.98445784069297
13581,17,63.4237358251754
13581,18,53.79517521883881
13581,19,67.73417043881334
13637,9,133.337
13637,10,162.89836431204665
13637,11,187.29160655364782
13637,12,200.0043029852539
13637,13,177.9685973396987
13637,14,179.5066779740564
13637,15,178.07961938274576
13637,16,180.98309159923926
13637,17,149.2169501046174
13637,18,153.87801677031263
13637,19,135.3916799446229
13749,9,29.3
13749,10,48.68918750698208
13749,11,54.903229010436924
13749,12,52.00928488245366
13749,13,39.718756870374676
13749,14,39.67798279615132
13749,15,38.89421726057652
13749,16,37.02949398464677
13749,17,30.58082010349705
13749,18,35.38216353758288
13749,19,31.810559076225765
13889,9,0.058
13889,10,18.883588012341452
13889,11,18.20311092156233
13889,12,17.102923943608268
13889,13,14.4425582256249
13889,14,14.399464121270812
13889,15,14.34320936548261
13889,16,14.874416525912277
13889,17,13.879924521478687
13889,18,16.144050062525377
13889,19,12.698620125375236
13903,9,0.042
13903,10,13.576966245219062
13903,11,13.051411858407054
13903,12,12.229572185875373
13903,13,10.242278994541797
13903,14,10.210087698589296
13903,15,10.168065396015507
13903,16,10.564877144856466
13903,17,9.821991617544578
13903,18,11.525227396706454
13903,19,9.0920472336553
13959,9,24.96
13959,10,43.20565242838534
13959,11,45.326355119593345
13959,12,43.78592507029901
13959,13,38.93708391893727
13959,14,38.76796747892286
13959,15,35.82858154061
13959,16,39.50035800959822
13959,17,36.73302639940097
13959,18,41.43111514380836
13959,19,43.19702628836303
14085,9,26.7
14085,10,38.705194901720965
14085,11,37.78051522194969
14085,12,35.944186140750546
14085,13,30.96194247709982
14085,14,30.68609685343663
14085,15,30.3870884832494
14085,16,31.32201308560561
14085,17,28.97170715780249
14085,18,31.275288110044666
14085,19,18.131811420660416
14155,9,3.9
14155,10,5.441588012341452
14155,11,9.407110921562323
14155,12,12.006923943608266
14155,13,10.746558225624897
14155,14,11.003464121270813
14155,15,10.74720936548261
14155,16,10.178416525912276
14155,17,6.983924521478691
14155,18,4.570050062525376
14155,19,1.3726201253752353
14169,9,25.29
14169,10,38.59644643455606
14169,11,45.42991058037452
14169,12,46.86938704210314
14169,13,42.91036303174972
14169,14,43.649699539558284
14169,15,43.57218622335129
14169,16,44.22956627255436
14169,17,38.09498866014033
14169,18,43.566140175071055
14169,19,41.92333635105065
14253,9,0.7872108154
14253,10,1.3934994445024353
14253,11,2.3530934815686977
14253,12,4.693365635182481
14253,13,5.31174578798747
14253,14,5.779392507881244
14253,15,5.652521452244785
14253,16,5.050721368973684
14253,17,3.4969996220436066
14253,18,2.5393507732576124
14253,19,1.2532845117125706
14281,9,0.69
14281,10,1.0003005741149589
14281,11,1.069450358365614
14281,12,1.0397718497618567
14281,13,0.9012820209562437
14281,14,0.9185527276804851
14281,15,0.9149899264805653
14281,16,0.9286330466411108
14281,17,0.8356485530269837
14281,18,1.002103170626607
14281,19,0.9932659412737648
14323,9,0.9362599488
14323,10,1.6297358946024352
14323,11,2.094259161568698
14323,12,2.0777906230824805
14323,13,1.6324050897874696
14323,14,1.7335101836812439
14323,15,1.6114948408447825
14323,16,0.6475248967736821
14323,17,1.2914822270436066
14323,18,1.6794331705576122
14323,19,2.6444107324125703
14337,9,6.02
14337,10,9.016262820038857
14337,11,10.92686360071553
14337,12,11.25909534269382
14337,13,10.033629969256191
14337,14,10.03021550589047
14337,15,9.999650421912216
14337,16,10.198272979079
14337,17,9.437932323336751
14337,18,10.121727200638786
14337,19,8.790123601453882
14351,9,19.8
14351,10,30.581937822831684
14351,11,36.61815520489029
14351,12,36.87280929567528
14351,13,32.67113271740607
14351,14,33.261408624351006
14351,15,33.407337326142816
14351,16,33.96007057293772
14351,17,31.31026036473557
14351,18,33.71459261567194
14351,19,29.104347231944185
14365,9,0.1592712287
14365,10,0.0
14365,11,0.0
14365,12,0.01612974166082644
14365,13,0.39181861856249
14365,14,1.3162169565270811
14365,15,1.0860954787482606
14365,16,1.0619355551912275
14365,17,0.5552059896478689
14365,18,0.4900362866525376
14365,19,0.2206489067375235
14379,9,0.9259271165
14379,13,0.3548852741874966
14785,9,0.9532440644
14785,10,0.0
14785,11,0.0
14785,12,0.0
14785,13,0.7906163322874697
14785,14,1.4810740264812439
14785,15,1.516623991244783
14785,16,1.6720054264736828
14785,17,1.3706567264436063
14785,18,2.175705692657612
14785,19,2.961736110812571
14813,9,41.8
14813,10,57.11502870574791
14813,11,62.27251791828069
14813,12,60.588592488092836
14813,13,48.06410104781217
14813,14,51.02763638402424
14813,15,48.94949632402826
14813,16,52.13165233205553
14813,17,47.582427651349185
14813,18,53.60515853133037
14813,19,57.16329706368825
14925,9,0.2
14925,10,0.24754885084182396
14925,11,0.39619457099193117
14925,12,0.35680787718117607
14925,13,0.3615667844773714
14925,14,0.36002401554149516
14925,15,0.2580100952842773
14925,16,0.17702731162765944
14925,17,0.141424497868937
14925,18,0.041167792238408434
14925,19,0.0
14967,9,5.07
14967,10,5.862476403702435
14967,11,5.922133276468697
14967,12,5.752077183082481
14967,13,5.053967467687469
14967,14,5.1410392363812445
14967,15,5.154162809644784
14967,16,5.083524957773684
14967,17,4.705177356443606
14967,18,4.861015018757612
14967,19,4.11178603761257
15079,9,4.55
15079,10,7.832646687235752
15079,11,17.601851535937204
15079,12,19.648206572680433
15079,13,18.744263709374835
15079,14,22.72244020211802
15079,15,24.308682275804347
15079,16,18.284027543187126
15079,17,10.436540869131147
15079,18,9.320083437542296
15079,19,4.07436687562539
15317,9,88.38
15317,13,91.14882366043703
15317,14,87.69628136997282
15317,15,88.03188401776828
15317,16,93.0085576717877
15317,17,83.02444525094984
15317,19,97.7213145892636
15331,9,5.7
15331,10,7.122476403702436
15331,11,6.992133276468696
15331,12,6.762077183082481
15331,13,5.96396746768747
15331,14,5.851039236381244
15331,15,5.934162809644785
15331,16,5.993524957773682
15331,17,5.695177356443606
15331,18,6.431015018757612
15331,19,6.141786037612571
15359,9,0.1021135397
15359,10,0.0
15359,11,0.0
15359,12,0.0
15359,13,0.0
15359,14,0.0
15359,15,0.0
15359,16,0.0
15359,17,0.0
15359,18,0.1880274088576128
15359,19,0.8727980615125707
15443,9,0.0838466463
15443,10,0.0
15443,11,0.0
15443,12,0.0
15443,13,0.0
15443,14,1.1725381540270814
15443,15,1.714127674848261
15443,16,1.8423510519912274
15443,17,1.7319363974478688
15443,18,1.7860198377525376
15443,19,1.304950672237523
15485,9,11.46
15485,10,14.900461614224678
15485,11,28.597560853443163
15485,12,40.11227466648871
15485,13,40.987596254237175
15485,14,44.78481112181063
15485,15,43.71842036429905
15485,16,38.60848675585601
15485,17,23.963403247832716
15485,18,17.98476587383408
15485,19,8.749281348743278
15555,9,33.2
15555,10,41.07981122961948
15555,11,39.537066211749575
15555,12,36.99661746465984
15555,13,30.61173974149975
15555,14,30.508313891049948
15555,15,30.373302477158262
15555,16,31.648199662189445
15555,17,29.261418851548854
15555,18,34.7481201500609
15555,19,29.134288300900565
15653,9,48.18
15653,10,79.08307239606904
15653,11,93.84114718460846
15653,12,90.59853004667532
15653,13,76.56500431359325
15653,14,74.42594261645998
15653,15,74.07998094120325
15653,16,77.88028400672074
15653,17,72.10494965085
15653,18,80.64775448450399
15653,19,72.45581897065743
15891,9,64.8
15891,10,70.7052933744715
15891,11,68.4237030718744
15891,12,64.95641314536087
15891,13,56.388527418749675
15891,14,56.34488040423604
15891,15,56.157364551608694
15891,16,57.22805508637425
15891,17,51.61308173826231
15891,18,59.6001668750846
15891,19,51.20873375125078
15975,10,0.4133802062341451
15975,11,1.4578541585562323
15975,12,1.3802758904608265
15975,13,1.1205647581624896
15975,14,1.1178402476270815
15975,15,1.1071738174482608
15975,16,1.1476669699912274
15975,17,1.0230891989478688
15975,18,1.2674067701525376
15975,19,1.4482611581375229
16031,9,3.6576129761
16031,10,4.654781457402436
16031,11,6.500287817468697
16031,12,3.9361878397824808
16031,13,5.520197203987469
16031,14,5.256332571381245
16031,15,5.486374479644785
16031,16,3.3717185612736817
16031,17,3.7370480839436073
16031,18,5.159139774657612
16031,19,5.7988999292125705
16087,9,1.6
16087,10,2.5142503065670216
16087,11,3.0158790716849633
16087,12,3.187040180270518
16087,13,2.8336841109299793
16087,14,2.824720537224329
16087,15,2.813019548020382
16087,16,3.023510637389754
16087,17,2.616656300467567
16087,18,3.196170413005279
16087,19,3.0583049860780482
16101,9,19.18
16101,10,34.30565242838534
16101,11,41.02635511959334
16101,12,38.83592507029901
16101,13,33.167083918937266
16101,14,33.297967478922864
16101,15,32.82858154061
16101,16,32.80035800959822
16101,17,29.913026399400984
16101,18,36.771115143808366
16101,19,38.04702628836303
16115,9,61.5
16115,10,80.10529337447149
16115,11,78.8237030718744
16115,12,75.35641314536088
16115,13,66.48852741874967
16115,14,66.34488040423605
16115,15,66.1573645516087
16115,16,67.92805508637424
16115,17,64.61308173826228
16115,18,71.90016687508461
16115,19,60.30873375125079
16241,9,0.4070229531
16241,10,0.13316123330243548
16241,11,1.105981970268697
16241,12,0.8863522074824794
16241,13,0.0
16241,14,0.07539238588124408
16241,15,0.0
16241,16,0.12472399337368215
16241,17,0.0
16241,18,0.3800361674576128
16241,19,0.35836520021257057
16353,9,0.4854646873
16353,10,0.6251333801341451
16353,11,0.5393340779562323
16353,12,0.7857302666608262
16353,13,0.4826871030624899
16353,14,0.4689992746270812
16353,15,0.546730458048261
16353,16,0.6284362265912273
16353,17,0.5369081381478689
16353,18,0.8078733839525377
16353,19,1.0130159798375231
16409,9,1.0241706086
16409,10,0.978157641634145
16409,11,1.0902792074562324
16409,12,1.1582324640608261
16409,13,0.92523431376249
16409,14,0.8072615123270813
16409,15,0.583453816248261
16409,16,0.2825626913912274
16409,17,0.0
16409,18,0.0
16409,19,0.0
16423,9,0.02
16423,10,0.08322117349788603
16423,11,0.11409481228749767
16423,12,0.11942565258144355
16423,13,0.08395410967499864
16423,14,0.0833795216169442
16423,15,0.07262945820643481
16423,16,0.069712220345497
16423,17,0.04645232695304916
16423,18,0.06360066750033835
16423,19,0.0
16577,9,0.4811827793
16577,10,0.724307299734145
16577,11,0.8998102437562323
16577,12,0.9154604607608263
16577,13,0.5425951231624899
16577,14,0.6658097909270813
16577,15,0.670453755148261
16577,16,0.7231549461912274
16577,17,0.6117816427478688
16577,18,0.8420088514525376
16577,19,0.7268519783375236
16619,9,3.87
16619,10,4.346370536213004
16619,11,4.581659215031209
16619,12,4.464948920175261
16619,13,3.904196919312476
16619,14,3.9741416282965236
16619,15,4.0910155186126085
16619,16,4.234963856046198
16619,17,4.032915721678359
16619,18,3.4430116812559204
16619,19,1.9836113625875549
16633,9,8.459
16633,10,10.984370536213003
16633,11,11.962659215031207
16633,12,11.916948920175262
16633,13,11.425196919312476
16633,14,11.517141628296523
16633,15,11.642015518612611
16633,16,11.8579638560462
16633,17,11.562915721678362
16633,18,11.235011681255923
16633,19,7.828611362587556
16703,9,2.0632114563
16703,10,1.571585565102435
16703,11,5.875867163168698
16703,12,6.69128689988248
16703,13,5.6242816766874695
16703,14,5.343042288081245
16703,15,5.913613737344783
16703,16,5.988020563273683
16703,17,5.593632190543607
16703,18,5.1770210001576125
16703,19,4.94605215091257
16745,9,7.3
16745,10,7.539529337447149
16745,11,7.061370307187441
16745,12,6.694641314536089
16745,13,5.807852741874967
16745,14,5.793488040423605
16745,15,5.77473645516087
16745,16,5.951805508637424
16745,17,5.6203081738262295
16745,18,6.549016687508459
16745,19,6.79087337512508
16773,9,0.6
16773,10,0.8161058674894301
16773,11,1.120474061437488
16773,12,1.3471282629072177
16773,13,1.2697705483749933
16773,14,1.2668976080847212
16773,15,1.2631472910321737
16773,16,1.2985611017274845
16773,17,0.9322616347652459
16773,18,0.8180033375016919
16773,19,0.5981746750250159
16843,9,23.7
16843,10,30.15106276245459
16843,11,38.6164615701744
16843,12,39.13181836601244
16843,13,30.280160296149646
16843,14,16.331916577171597
16843,15,70.15840021726015
16843,16,71.98575284913822
16843,17,53.144700353886684
16843,18,45.62897221508728
16843,19,32.92581323129081
17039,9,90.9
17039,10,119.01767539298366
17039,11,114.38436945421789
17039,12,109.16679906077327
17039,13,96.30836475718704
17039,14,96.10007658614225
17039,15,95.82817859983261
17039,16,98.29567987524266
17039,17,93.48896852048033
17039,18,106.75524196887262
17039,19,93.01766393931364
17193,9,1.01
17193,10,2.2181514064952657
17193,11,13.693424880643466
17193,12,22.105791136063953
17193,13,21.94147021583734
17193,14,23.292232354841772
17193,15,23.041849713875397
17193,16,23.655322551632384
17193,17,22.23750539784242
17193,18,25.913880433790766
17193,19,29.406009668102875
17529,9,97.5
17529,10,114.05880587866076
17529,11,113.06564047813659
17529,12,109.74198407483306
17529,13,95.95978154097448
17529,14,96.23167008192684
17529,15,94.5338949079546
17529,16,96.2457514771623
17529,17,84.6815738003605
17529,18,88.92946499763433
17529,19,69.53506919698623
17641,9,21.954
17641,10,26.426293374471506
17641,11,41.91870307187441
17641,12,43.76741314536087
17641,13,47.19752741874967
17641,14,49.41288040423604
17641,15,48.7103645516087
17641,16,45.47605508637425
17641,17,30.525081738262294
17641,18,23.963166875084593
17641,19,15.474733751250781
17683,9,0.2
17683,10,0.12143059065085152
17683,11,0.26127818464417996
17683,12,0.41514367736863983
17683,13,0.30358567492787075
17683,14,0.40177859548528944
17683,15,0.3994196460592374
17683,16,0.32169493298658797
17683,17,0.2799925682673396
17683,18,0.19682409928856412
17683,19,0.11015187059073483
17739,9,88.54
17739,10,162.8221747612845
17739,11,147.76451706531117
17739,12,159.43975023433006
17739,13,153.03361306312425
17739,14,152.7032249297429
17739,15,152.27193846869997
17739,16,156.3445266986608
17739,17,148.72008799800324
17739,18,160.19038381269453
17739,19,141.34008762787684
17753,9,61.49
17753,10,90.19393821302255
17753,11,105.02123305493342
17753,12,105.59589440346711
17753,13,90.5719947264432
17753,14,90.13029209203275
17753,15,89.98782902174483
17753,16,93.62395285432166
17753,17,84.40690084381707
17753,18,93.27696916951146
17753,19,81.8777875407675
17767,9,51.3
17767,10,64.10993227677753
17767,11,62.635190546255714
17767,12,59.456633351952625
17767,13,51.52874351236221
17767,14,51.40032308138704
17767,15,51.232683909138174
17767,16,52.81568124721858
17767,17,49.85209507400648
17767,18,56.654749186325624
17767,19,49.20840797361821
17795,9,0.2295240516
17795,10,0.0020574976617876287
17795,11,0.0
17795,12,0.36971759483402217
17795,13,1.1275651751687419
17795,14,0.13236386190590124
17795,15,0.7046213391902174
17795,16,0.24024328555935615
17795,17,0.6536067980565573
17795,18,0.8282626252771145
17795,19,0.4389070491812697
17809,9,4.87
17809,10,5.219255230204551
17809,11,5.2780384641812015
17809,12,5.062651530501036
17809,13,4.390013358012471
17809,14,4.467659714764302
17809,15,4.481533351438348
17809,16,4.543812737428185
17809,17,4.178725029490558
17809,18,4.6374143512572745
17809,19,3.8821511026075677
17935,9,49.75
17935,10,69.76505824757308
17935,11,77.5554742732581
17935,12,79.36226058947597
17935,13,73.67207653030714
17935,14,76.59527144926406
17935,15,74.97057914453607
17935,16,75.29346493228614
17935,17,68.81484002548711
17935,18,71.58262216084233
17935,19,64.45637376286537
17991,9,1.9
17991,10,2.249591709710892
17991,11,3.4957540273187075
17991,12,4.024374572756704
17991,13,3.4681510289874753
17991,14,3.3575211499134667
17991,15,2.7436449768190423
17991,16,2.074676076391694
17991,17,0.42936804863140987
17991,18,0.0
18019,9,0.1286725017
18019,10,0.16181030563414514
18019,11,1.3320832844562325
18019,12,2.154954479360827
18019,13,1.9167086790624897
18019,14,1.9238877329270812
18019,15,1.8876707656482612
18019,16,1.9004521873912277
18019,17,1.7295397299478685
18019,18,1.8600426649525375
18019,19,1.4677149849375228
18061,9,0.2767747307
18061,10,0.0
18061,11,0.0
18061,12,1.408049733728871
18061,13,4.982481973799973
18061,14,5.467590432338885
18061,15,5.452589164128695
18061,16,5.594244406909938
18061,17,5.329046539060983
18061,18,6.072013350006768
18061,19,6.150888397500063
18271,9,54.95
18271,10,82.43213476833277
18271,11,96.78453090473974
18271,12,100.19726330489597
18271,13,89.23430260070576
18271,14,89.23897572594983
18271,15,88.51788946286146
18271,16,87.102154574475
18271,17,72.23300952565519
18271,18,73.36435014575177
18271,19,62.368191893124916
18285,9,55.5
18285,10,77.89555804319508
18285,11,83.27488822546813
18285,12,77.12423380262892
18285,13,63.31295378968716
18285,14,63.46212442444786
18285,15,59.065232779189124
18285,16,61.42445784069295
18285,17,57.64373582517541
18285,18,64.39517521883882
18285,19,67.75417043881333
18495,9,29.78
18495,10,54.71918750698207
18495,11,70.11322901043692
18495,12,74.57928488245366
18495,13,67.11875687037465
18495,14,66.23798279615134
18495,15,65.48421726057651
18495,16,65.84949398464677
18495,17,59.480820103497045
18495,18,62.10216353758288
18495,19,51.66055907622577
